{"schemaVersion":"1.0","appDefinitionTemplate":{"id":"/providers/Microsoft.PowerApps/apps/","type":"Microsoft.PowerApps/apps","tags":{"minimumRequiredApiVersion":"2.2.0"},"properties":{"appVersion":"2018-10-30T20:38:32Z","lifeCycleId":"Published","createdByClientVersion":{"major":3,"minor":18103,"build":23,"revision":0,"majorRevision":0,"minorRevision":0},"minClientVersion":{"major":3,"minor":18103,"build":23,"revision":0,"majorRevision":0,"minorRevision":0},"backgroundColor":"rgba(0, 176, 240, 1)","backgroundImageUri":"/14437538717844848631/Nd6d39403-d1bc-4406-9743-979f3b447e48-logoSmallFile","displayName":"Savior","description":"","appUris":{"documentUri":{"value":"/14437538717844848631/N490eb6f4-a809-4b99-847c-9ca61331dc29-document.msapp","readonlyValue":"/14437538717844848631/N490eb6f4-a809-4b99-847c-9ca61331dc29-document.msapp"},"imageUris":[]},"createdTime":"0001-01-01T00:00:00Z","lastModifiedTime":"0001-01-01T00:00:00Z","sharedGroupsCount":0,"sharedUsersCount":0,"icons":{"smallIconUri":"/14437538717844848631/Ne93840fc-317c-4dfa-8cc8-3015cc40a171-small.png","mediumIconUri":"/14437538717844848631/Nf44401c8-4295-40b3-96c5-186b0f06c900-medium.png","largeIconUri":"/14437538717844848631/N1a2056a7-07c5-4e14-9ff3-8ab83d2e5b37-large.png","wideIconUri":"/14437538717844848631/N731e6c29-3d10-403c-b2ad-e70d2eeaa045-wide.png"},"connectionReferences":{"65ec8d94-0568-4ca1-a6f1-6244078e2f31":{"id":"1665efc0-1203-43d9-b09e-b8816947d586","displayName":"Office 365 Outlook","iconUri":"https://connectoricons-prod.azureedge.net/office365/icon_1.0.1008.1183.png","dataSources":["Office365"],"dependencies":[],"dependents":[],"parameterHints":{},"isOnPremiseConnection":false,"bypassConsent":false,"dataSets":{},"apiTier":"Standard"},"017e3183-fa85-49f3-876b-7b9834ee09cb":{"id":"9d0bff73-4004-42cf-911c-159f9a83147f","displayName":"CogAPIs","iconUri":"https://prodapiicons.cdn.powerappscdn.net/20181030t000000z6c7cdcbd40e2470c883d57b491efef16/customconnectoricon.customconnectoricon","dataSources":["ImageUtilities"],"dependencies":[],"dependents":[],"parameterHints":{},"isOnPremiseConnection":false,"bypassConsent":false,"dataSets":{},"apiTier":"Standard"}},"almMode":"Environment"}}}